Round,Loss,Accuracy,Precision,Recall,F1
1,3.9005192750030093,0.2714285714285714,0.4209523809523809,0.4922619047619048,0.4344047619047619
